code,number,edition,character,series,quality,obtainedDate,obtainedTimestamp,burnValue,dye.code,dye.name,frame,morphed,trimmed,tag,alias,wishlists,fights,dropQuality,dropper,grabber,guild,worker.effort,worker.style,worker.purity,worker.grabber,worker.dropper,worker.quickness,worker.toughness,worker.vanity,worker.recoveryDate,worker.recoveryTimestamp
v276hz5,8438,4,Houshou Marine,Hololive: Holo no Graffiti,4,"Wed, 01 Nov 2023 16:13:49 GMT",1.69886E+12,324,,,,No,No,,,397,0,4,2.47132E+17,2.47132E+17,3.43119E+17,176,F,S,S,S,S,F,D,,
v28x5dp,1090,2,Alvitr,Honkai Impact 3rd,1,"Sun, 29 Oct 2023 17:45:12 GMT",1.6986E+12,30,,,,No,No,,,1,0,1,2.47132E+17,2.47132E+17,3.43119E+17,20,F,S,S,S,S,F,D,,
v2g1dxg,11980,1,Sylphiette,Mushoku Tensei: Jobless Reincarnation,1,"Tue, 24 Oct 2023 15:12:09 GMT",1.69816E+12,25,,,,No,No,,,352,0,1,1.83458E+17,1.83458E+17,7.09433E+17,11,F,S,F,F,S,F,D,,
v24zm2p,2852,5,18+,Himegoto,2,"Tue, 17 Oct 2023 21:33:48 GMT",1.69758E+12,55,,,,No,No,,,6,0,2,,2.47132E+17,3.43119E+17,29,F,S,S,F,S,F,D,,
vh342zm,2938,5,Akane Aoi,Toilet-Bound Hanako-kun,3,"Sun, 03 Sep 2023 23:42:22 GMT",1.69378E+12,149,,,,No,No,,,70,0,3,2.47132E+17,2.47132E+17,7.30538E+17,86,F,S,S,S,S,F,D,,
vhhc06l,12470,3,Esdeath,Akame ga Kill!,1,"Wed, 16 Aug 2023 01:07:31 GMT",1.69215E+12,43,,,,No,No,,,1649,0,1,2.47132E+17,2.47132E+17,7.30538E+17,24,F,S,S,S,S,F,D,,
vhv4vsg,264,2,Tamamo,The Alchemist Code,2,"Thu, 10 Aug 2023 20:55:31 GMT",1.6917E+12,48,,,,No,No,,,2,0,2,2.47132E+17,2.47132E+17,7.30538E+17,31,F,S,S,S,S,F,A,,
vqxpwpt,2625,5,André Grandier,The Rose of Versailles,2,"Fri, 04 Aug 2023 21:50:25 GMT",1.69119E+12,31,,,,No,No,,,3,0,2,2.47132E+17,2.47132E+17,7.30538E+17,20,F,S,S,S,S,F,C,,
vqsbxb1,15823,2,Aiko Mikami,The Disastrous Life of Saiki K. 2nd Season,2,"Thu, 03 Aug 2023 08:12:28 GMT",1.69105E+12,22,,,,No,No,,,0,0,2,2.47132E+17,2.47132E+17,6.48032E+17,14,F,S,S,S,A,F,D,,
vqgnwrw,7373,4,Itachi Uchiha,Naruto,1,"Mon, 31 Jul 2023 00:52:32 GMT",1.69076E+12,44,,,,No,No,,,2501,0,1,,4.33994E+17,8.28288E+17,20,F,S,F,F,F,F,D,,
v0q1wb8,52870,1,Gerald,Nezumi Monogatari: George to Gerald no Bouken,4,"Tue, 16 May 2023 00:53:42 GMT",1.6842E+12,14,,,,No,No,,,1,0,4,,2.47132E+17,7.30538E+17,8,F,S,S,F,B,F,D,,
vv7b059,7356,4,Mayoi Hachikuji,Bakemonogatari,2,"Tue, 02 May 2023 22:13:53 GMT",1.68307E+12,63,,,,No,No,,,78,0,2,2.47132E+17,2.47132E+17,7.30538E+17,39,F,S,S,S,S,F,C,,
vvh3d3p,396,5,Lain Iwakura,Serial Experiments Lain,2,"Fri, 07 Apr 2023 15:48:11 GMT",1.68088E+12,62,,,,No,No,,,379,0,2,,2.47132E+17,4.68441E+17,41,F,S,S,F,B,F,A,,
vmzw3mj,451,5,Momoe Sawaki,Wonder Egg Priority,0,"Wed, 15 Mar 2023 06:18:40 GMT",1.67886E+12,16,,,,No,No,,,109,0,0,2.47132E+17,2.47132E+17,7.30538E+17,10,F,S,S,S,S,F,A,,
c95z2k,15217,2,Aoi Akane,Toilet-Bound Hanako-kun,1,"Sat, 18 Feb 2023 01:29:45 GMT",1.67668E+12,31,,,,No,No,,,114,0,1,2.47132E+17,2.47132E+17,8.80182E+17,18,F,S,S,S,A,F,D,,
cr536r,6011,4,Lucoa,Miss Kobayashi's Dragon Maid,4,"Tue, 14 Feb 2023 19:56:12 GMT",1.6764E+12,346,,,,No,No,,,462,0,4,2.47132E+17,2.47132E+17,8.73369E+17,208,F,S,S,S,S,F,C,,
cn9hm3,11405,3,Setsuna,Redo of Healer,2,"Thu, 09 Feb 2023 21:45:10 GMT",1.67598E+12,77,,,,No,No,,,184,0,2,2.47132E+17,2.47132E+17,7.30538E+17,44,F,S,S,S,S,F,D,,
cjbg5n,25,2,NaO,Extreme Hearts,1,"Wed, 08 Feb 2023 11:00:13 GMT",1.67585E+12,14,,,,No,No,lp,,1,2,1,2.47132E+17,2.47132E+17,7.30538E+17,10,F,S,S,S,A,C,A,,
c5z9vl,1899,2,Collei,Genshin Impact,3,"Mon, 06 Feb 2023 05:57:46 GMT",1.67566E+12,169,,,,No,No,,,137,1,3,2.47132E+17,2.47132E+17,7.30538E+17,110,F,S,S,S,S,D,B,,
cw42r0,1634,4,Suguru Getou,Jujutsu Kaisen,2,"Fri, 03 Feb 2023 23:40:01 GMT",1.67547E+12,86,,,,No,No,,,1330,0,2,2.47132E+17,2.47132E+17,7.30538E+17,56,F,S,S,S,A,F,B,,
c0p0jz,15175,1,Iroha Isshiki,My Teen Romantic Comedy SNAFU TOO!,2,"Mon, 30 Jan 2023 05:29:03 GMT",1.67506E+12,45,,,,No,No,,,101,0,2,2.47132E+17,2.47132E+17,9.19059E+17,24,F,S,S,S,A,F,D,,
c0qwxz,15635,2,Kanna Kamui,Miss Kobayashi's Dragon Maid,3,"Sun, 29 Jan 2023 17:47:34 GMT",1.67501E+12,177,,,,No,No,,,958,0,3,2.47132E+17,2.47132E+17,7.30538E+17,98,F,S,S,S,S,F,D,,
xmfw74,11132,3,Mitsuha Miyamizu,your name.,0,"Thu, 03 Nov 2022 01:06:56 GMT",1.66744E+12,20,,,,No,No,,,346,0,0,2.47132E+17,2.47132E+17,7.30538E+17,14,F,S,S,S,S,F,D,,
sc7x0b,43,1,Ayako Oikawa,Dance Dance Danseur,3,"Tue, 01 Nov 2022 23:04:41 GMT",1.66734E+12,11,,,,No,No,,,1,0,3,2.47132E+17,2.47132E+17,7.30538E+17,8,F,S,S,S,S,F,A,,
sct1mb,3846,4,Zeke,Attack on Titan 2nd Season,4,"Tue, 01 Nov 2022 20:45:44 GMT",1.66734E+12,308,,,,No,No,,,99,0,4,2.47132E+17,2.47132E+17,7.30538E+17,195,F,S,S,S,S,F,B,,
scnst9,4589,4,Ai Hayasaka,Kaguya-sama: Love Is War,0,"Tue, 01 Nov 2022 09:44:50 GMT",1.6673E+12,21,,,,No,No,,,932,0,0,2.47132E+17,2.47132E+17,7.30538E+17,14,F,S,S,S,S,F,C,,
s6c71q,10515,3,Hisoka,Hunter x Hunter,3,"Mon, 31 Oct 2022 19:12:11 GMT",1.66724E+12,175,,,,No,No,,,1105,0,3,2.47132E+17,2.47132E+17,7.30538E+17,101,F,S,S,S,S,F,D,,
s699x7,15186,1,Eugeo,Sword Art Online: Alicization,3,"Mon, 31 Oct 2022 08:41:58 GMT",1.66721E+12,125,,,,No,No,,,214,0,3,2.47132E+17,2.47132E+17,7.30538E+17,69,F,S,S,S,S,F,D,,
s6g0c9,3520,4,Mikaela Hyakuya,Seraph of the End: Battle in Nagoya,1,"Mon, 31 Oct 2022 07:29:23 GMT",1.6672E+12,39,,,,No,No,,,466,1,1,2.47132E+17,2.47132E+17,7.30538E+17,28,F,S,S,S,S,D,B,,
s64kfk,4332,4,Elias Ainsworth,The Ancient Magus' Bride: Those Awaiting a Star,2,"Mon, 31 Oct 2022 01:58:05 GMT",1.66718E+12,65,,,,No,No,,,164,0,2,2.47132E+17,2.47132E+17,7.30538E+17,41,F,S,S,S,A,F,B,,
s61s5z,10129,3,Airi Sakura,Classroom of the Elite,0,"Mon, 31 Oct 2022 00:32:49 GMT",1.66718E+12,16,,,,No,No,,,97,0,0,2.47132E+17,2.47132E+17,7.30538E+17,9,F,S,S,S,S,F,C,,
s6j4vn,4507,4,Ochako Uraraka,My Hero Academia,3,"Sun, 30 Oct 2022 22:46:53 GMT",1.66717E+12,176,,,,No,No,,,382,0,3,2.47132E+17,2.47132E+17,8.0262E+17,109,F,S,S,S,S,F,B,,
s65wgv,14571,2,Megumin,KonoSuba: God's blessing on this wonderful world!,3,"Sun, 30 Oct 2022 21:27:47 GMT",1.66717E+12,169,,,,No,No,,,1701,0,3,2.47132E+17,2.47132E+17,7.30538E+17,95,F,S,S,S,S,F,D,,
sx342b,4663,4,Ereshkigal,Fate/Grand Order,4,"Sat, 29 Oct 2022 22:52:52 GMT",1.66708E+12,302,,,,No,No,,,189,0,4,2.47132E+17,2.47132E+17,8.0262E+17,190,F,S,S,S,S,F,C,,
sxznk6,3848,4,Nakiri Ayame,Hololive: Holo no Graffiti,0,"Sat, 29 Oct 2022 19:54:13 GMT",1.66707E+12,20,,,,No,No,,,290,0,0,2.47132E+17,2.47132E+17,7.30538E+17,14,F,S,S,S,S,F,B,,
sx0260,43,2,Taeko Sugawara,Arifureta: From Commonplace to World's Strongest,3,"Sat, 29 Oct 2022 06:59:46 GMT",1.66703E+12,53,,,,No,No,,,0,0,3,2.47132E+17,2.47132E+17,7.30538E+17,35,F,S,S,S,A,F,A,,
ssxchf,3525,4,Thorkell,Vinland Saga,3,"Sat, 29 Oct 2022 02:17:10 GMT",1.66701E+12,112,,,,No,No,,,103,0,3,2.47132E+17,2.47132E+17,7.30538E+17,73,F,S,S,S,S,F,B,,
ssdwnh,91,1,Melissa,She Professed Herself Pupil of the Wise Man,2,"Sat, 29 Oct 2022 00:12:51 GMT",1.667E+12,10,,,,No,No,,,0,0,2,2.47132E+17,2.47132E+17,7.30538E+17,8,F,S,S,S,A,F,A,,
ss7kmk,9937,3,Seijuurou Akashi,Kuroko's Basketball,2,"Fri, 28 Oct 2022 23:57:39 GMT",1.667E+12,70,,,,No,No,,,185,0,2,2.47132E+17,2.47132E+17,7.30538E+17,43,F,S,S,S,S,F,C,,
ssdhll,9757,3,Goku,Dragon Ball Z,0,"Fri, 28 Oct 2022 23:00:35 GMT",1.667E+12,21,,,,No,No,,,1868,2,0,2.47132E+17,2.47132E+17,7.30538E+17,15,F,S,S,S,A,C,C,,
sstzs0,9935,3,Yanfei,Genshin Impact,4,"Fri, 28 Oct 2022 22:26:24 GMT",1.667E+12,354,,,,No,No,,,452,0,4,2.47132E+17,2.47132E+17,7.30538E+17,209,F,S,S,S,S,F,D,,
sst05j,14222,1,Khun Aguero Agnis,Tower of God,2,"Fri, 28 Oct 2022 22:23:18 GMT",1.667E+12,67,,,,No,No,,,244,0,2,2.47132E+17,2.47132E+17,7.30538E+17,39,F,S,S,S,S,F,D,,
sstppl,4543,4,Kento Nanami,Jujutsu Kaisen,3,"Fri, 28 Oct 2022 22:07:43 GMT",1.66699E+12,177,,,,No,No,,,1572,1,3,2.47132E+17,2.47132E+17,8.0262E+17,110,F,S,S,S,A,D,C,,
sstfsr,3892,3,Shenhe,Genshin Impact,2,"Fri, 28 Oct 2022 22:04:54 GMT",1.66699E+12,88,,,,No,No,,,945,0,2,2.47132E+17,2.47132E+17,8.0262E+17,54,F,S,S,S,S,F,C,,
ssrxn2,41,2,Kharga Klarus,Arifureta: From Commonplace to World's Strongest,1,"Fri, 28 Oct 2022 20:31:51 GMT",1.66699E+12,10,,,,No,No,,,0,0,1,2.47132E+17,2.47132E+17,8.0262E+17,8,F,S,S,S,A,F,A,,
ss3v8h,9853,3,Kusuo Saiki,The Disastrous Life of Saiki K.,1,"Fri, 28 Oct 2022 20:13:51 GMT",1.66699E+12,42,,,,No,No,,,756,0,1,2.47132E+17,2.47132E+17,7.30538E+17,25,F,S,S,S,S,F,C,,
sspfts,10174,3,Ash Lynx,Banana Fish,3,"Fri, 28 Oct 2022 18:57:19 GMT",1.66698E+12,152,,,,No,No,,,298,0,3,2.47132E+17,2.47132E+17,7.30538E+17,89,F,S,S,S,A,F,D,,
ssz8nn,61,1,Hinata,She Professed Herself Pupil of the Wise Man,3,"Fri, 28 Oct 2022 18:11:44 GMT",1.66698E+12,31,,,,No,No,,,0,0,3,2.47132E+17,2.47132E+17,7.30538E+17,24,F,S,S,S,S,F,A,,
s7pscs,16607,1,Tengen Uzui,Demon Slayer: Kimetsu no Yaiba,3,"Wed, 26 Oct 2022 02:43:22 GMT",1.66675E+12,162,,,,No,No,,,1527,0,3,2.47132E+17,2.47132E+17,7.30538E+17,90,F,S,S,S,S,F,D,,
s7nl98,14667,1,Shizuku,Hunter x Hunter,0,"Tue, 25 Oct 2022 22:12:13 GMT",1.66674E+12,16,,,,No,No,,,321,0,0,2.47132E+17,2.47132E+17,7.30538E+17,8,F,S,S,S,S,F,D,,
stxgg3,1608,1,Dehya,Genshin Impact,2,"Tue, 25 Oct 2022 07:54:36 GMT",1.66668E+12,73,,,,No,No,,,335,0,2,2.47132E+17,2.47132E+17,7.30538E+17,49,F,S,S,S,S,F,A,,
stfsgq,31,2,Franz Houtman,Fena: Pirate Princess,4,"Tue, 25 Oct 2022 01:04:14 GMT",1.66666E+12,56,,,,No,No,,,0,0,4,,2.47132E+17,7.30538E+17,38,F,S,S,F,S,F,A,,
sthvr3,62,1,Clive Therese,Black Summoner,2,"Mon, 24 Oct 2022 06:58:32 GMT",1.66659E+12,12,,,,No,No,,,0,0,2,2.47132E+17,2.47132E+17,7.30538E+17,8,F,S,S,S,S,F,A,,
st0v3t,4227,4,Ray,The Promised Neverland,1,"Mon, 24 Oct 2022 04:52:14 GMT",1.66659E+12,39,,,,No,No,,,210,0,1,,2.47132E+17,7.30538E+17,25,F,S,S,F,A,F,B,,
s8cnmf,12533,3,Rize Kamishiro,Tokyo Ghoul,4,"Mon, 24 Oct 2022 01:52:28 GMT",1.66658E+12,304,,,,No,No,,,96,0,4,2.47132E+17,2.47132E+17,7.30538E+17,185,F,S,S,S,S,F,C,,
s8x1vj,4296,4,Nagisa Shiota,Assassination Classroom,0,"Mon, 24 Oct 2022 00:27:39 GMT",1.66657E+12,21,,,,No,No,,,389,1,0,2.47132E+17,2.47132E+17,7.30538E+17,14,F,S,S,S,S,D,B,,
s80b4r,23,2,Niji Yoshinaga,Slow Loop,0,"Sat, 22 Oct 2022 22:30:34 GMT",1.66648E+12,5,,,,No,No,lp,,1,0,0,2.47132E+17,2.47132E+17,7.30538E+17,1,F,S,S,S,S,F,A,,
s804f6,3626,4,Shuji Hanma,Tokyo Revengers,1,"Sat, 22 Oct 2022 21:56:10 GMT",1.66648E+12,38,,,,No,No,,,161,0,1,2.47132E+17,2.47132E+17,7.30538E+17,26,F,S,S,S,A,F,B,,
s8vw20,4368,4,Jolyne Cujoh,JoJo's Bizarre Adventure: Stone Ocean,3,"Sat, 22 Oct 2022 20:55:00 GMT",1.66647E+12,174,,,,No,No,,,1119,0,3,2.47132E+17,2.47132E+17,7.30538E+17,109,F,S,S,S,S,F,B,,
sl9n9t,3642,1,Shenhe,Genshin Impact,2,"Sat, 22 Oct 2022 10:29:50 GMT",1.66643E+12,79,,,,No,No,,,945,0,2,2.47132E+17,2.47132E+17,7.30538E+17,46,F,S,S,S,S,F,D,,
sl4d6c,3954,4,Maha,The World's Finest Assassin Gets Reincarnated in Another World as an Aristocrat,2,"Sat, 22 Oct 2022 04:27:39 GMT",1.66641E+12,69,,,,No,No,,,85,0,2,,2.47132E+17,2.63007E+17,38,F,S,S,F,F,F,B,,
sljfnc,3752,4,Tohru Honda,Fruits Basket,3,"Sat, 22 Oct 2022 00:53:57 GMT",1.6664E+12,155,,,,No,No,,,279,0,3,2.47132E+17,2.47132E+17,7.30538E+17,100,F,S,S,S,S,F,B,,
slbp8j,14286,1,Hinata Hyuuga,Naruto,3,"Fri, 21 Oct 2022 23:48:27 GMT",1.6664E+12,166,,,,No,No,,,977,0,3,2.47132E+17,2.47132E+17,7.30538E+17,86,F,S,S,S,D,F,D,,
s3zqnh,72,3,Mosuke,Shaman King,2,"Sun, 16 Oct 2022 18:56:48 GMT",1.66595E+12,26,,,,No,No,,,0,0,2,2.47132E+17,2.47132E+17,7.30538E+17,19,F,S,S,S,S,F,A,,
76nfpl,92,2,Michelle Bouquet,Tales of Luminaria,4,"Mon, 15 Aug 2022 18:35:57 GMT",1.66059E+12,104,,,,No,No,,,1,0,4,2.47132E+17,2.47132E+17,7.30538E+17,74,F,S,S,S,S,F,A,,
7zt3vg,40673,1,Boof,Suzy's Zoo Daisuki! Witzy,3,"Sat, 06 Aug 2022 17:15:45 GMT",1.65981E+12,12,,,,No,No,boof,,3,0,3,3.66851E+17,3.66851E+17,7.30538E+17,6,F,S,F,F,A,F,C,,
l56v56,1026,4,Yukine,Noragami,4,"Wed, 04 May 2022 03:10:20 GMT",1.65163E+12,286,,,,No,No,,,108,0,3,2.47132E+17,2.47132E+17,7.30538E+17,189,F,A,S,S,S,F,A,,
lv8rrc,59,4,Billy Wise,HELIOS Rising Heroes,2,"Thu, 28 Apr 2022 08:15:24 GMT",1.65113E+12,26,,,,No,No,lp,,4,0,2,2.47132E+17,2.47132E+17,7.30538E+17,19,F,S,S,S,S,F,A,,
lv9nxd,76,4,Zenon Futoyama,Love Stage!!,2,"Thu, 28 Apr 2022 05:30:46 GMT",1.65112E+12,19,,,,No,No,smortest,,1,2,2,,2.47132E+17,7.30538E+17,15,F,S,S,F,S,C,A,,
f6tcbr,51,3,Prince of Stan,Scissor Seven,2,"Tue, 26 Apr 2022 00:08:40 GMT",1.65093E+12,25,,,,No,No,lp,,2,1,2,,2.47132E+17,6.83076E+17,16,F,S,S,F,A,D,A,,
fxw1kb,19,4,Kyoko Honda,Fruits Basket,2,"Sun, 24 Apr 2022 19:03:42 GMT",1.65083E+12,52,,,,No,No,lp,,11,0,2,2.47132E+17,2.47132E+17,7.30538E+17,36,F,S,S,S,S,F,A,,
fdm809,100,4,Gerik,Fire Emblem: The Sacred Stones,4,"Sat, 23 Apr 2022 02:14:10 GMT",1.65068E+12,113,,,,No,No,mp,,1,0,4,2.47132E+17,2.47132E+17,8.73369E+17,79,F,S,S,S,A,F,A,,
fgrwg4,83,4,Ichirou Irabu,Kuuchuu Buranko,0,"Mon, 18 Apr 2022 00:28:14 GMT",1.65024E+12,6,,,,No,No,,,2,0,0,2.47132E+17,2.47132E+17,7.30538E+17,5,F,S,S,S,S,F,A,,
f17v8h,111,4,Ookami Mio,Hololive: Holo no Graffiti,4,"Wed, 13 Apr 2022 14:08:45 GMT",1.64986E+12,302,,,,No,No,workers,,100,1,3,,2.47132E+17,8.73369E+17,201,F,A,S,F,S,D,A,,
fb4ddm,79,1,Dagr,Fire Emblem Heroes,2,"Sun, 10 Apr 2022 22:49:35 GMT",1.64963E+12,17,,,,No,No,lp,,4,1,2,,2.47132E+17,7.30538E+17,10,F,S,S,F,A,D,A,,
fbn81x,57,4,Tsubaki's Pigtailed Minion,BONJOUR Sweet Love Pâtisserie,2,"Sun, 10 Apr 2022 22:33:22 GMT",1.64963E+12,22,,,,No,No,lp,,0,4,2,2.47132E+17,2.47132E+17,7.30538E+17,19,F,S,S,S,A,A,A,,
fbn8n4,26,4,Bad Badtz-Maru,Hello Kitty's Animation Theater,1,"Sun, 10 Apr 2022 22:24:28 GMT",1.64963E+12,22,,,,No,No,lp,,21,1,1,2.47132E+17,2.47132E+17,7.30538E+17,18,F,S,S,S,S,D,A,,
fbn8jj,36,4,Nanna,Fire Emblem: Genealogy of the Holy War,0,"Sun, 10 Apr 2022 22:14:07 GMT",1.64963E+12,8,,,,No,No,lp,,1,1,0,2.47132E+17,2.47132E+17,7.30538E+17,5,F,S,S,S,A,D,A,,
fbhrjp,58,1,Niime,Fire Emblem: The Binding Blade,4,"Sun, 10 Apr 2022 18:35:27 GMT",1.64962E+12,40,,,,No,No,lp,,1,0,4,,2.47132E+17,7.30538E+17,28,F,S,S,F,A,F,A,,
f2zrz5,21,4,Kumao-kun,Uramichi Oniisan,1,"Thu, 07 Apr 2022 22:08:11 GMT",1.64937E+12,12,,,,No,No,lp,,3,0,1,,2.47132E+17,7.30538E+17,6,F,S,S,F,A,F,A,,
fqqx3z,92,4,Special Week,Uma Musume: Pretty Derby,0,"Wed, 06 Apr 2022 04:01:24 GMT",1.64922E+12,11,,,,No,No,lp,,18,0,0,2.47132E+17,2.47132E+17,7.30538E+17,8,F,S,S,S,S,F,A,,
9c5t0g,63,4,Quin,Death Parade,2,"Sun, 03 Apr 2022 07:48:18 GMT",1.64897E+12,37,,,,No,No,lp,,2,5,2,,2.47132E+17,7.30538E+17,26,F,S,S,F,S,S,A,,
9x3gkw,55,4,Hinagiku Katsura,Hayate the Combat Butler!,2,"Fri, 01 Apr 2022 23:15:01 GMT",1.64885E+12,37,,,,No,No,lp,,11,1,2,2.47132E+17,2.47132E+17,7.30538E+17,25,F,S,S,S,S,D,A,,
9xkqc3,58,4,Switzerland,Hetalia: Axis Powers,1,"Fri, 01 Apr 2022 17:22:08 GMT",1.64883E+12,15,,,,No,No,lp,,7,0,1,2.47132E+17,2.47132E+17,7.30538E+17,10,F,S,S,S,S,F,A,,
9s1kn9,51,4,Payne,"BOFURI: I Don't Want to Get Hurt, so I'll Max Out My Defense.",4,"Fri, 01 Apr 2022 01:41:21 GMT",1.64878E+12,136,,,,No,No,lp,,2,1,4,2.47132E+17,2.47132E+17,7.30538E+17,96,F,S,S,S,A,D,A,,
9s1kjn,91,1,Ellile,Generation of Chaos Next: Chikai no Pendant,3,"Fri, 01 Apr 2022 01:31:44 GMT",1.64878E+12,6,,,,No,No,lp,,0,0,3,2.47132E+17,2.47132E+17,7.30538E+17,5,F,S,S,S,S,F,A,,
9snn34,44,3,Yuduki Teramitsu,B-PROJECT: Zecchou*Emotion,2,"Fri, 01 Apr 2022 01:29:02 GMT",1.64878E+12,22,,,,No,No,lp,,1,0,2,2.47132E+17,2.47132E+17,4.24013E+17,18,F,S,S,S,S,F,A,,
9s1kwz,87,4,Judai Yuki,Yu-Gi-Oh! GX,0,"Fri, 01 Apr 2022 01:03:59 GMT",1.64878E+12,13,,,,No,No,lp,,65,0,0,2.47132E+17,2.47132E+17,7.30538E+17,8,F,S,S,S,S,F,A,,
9s1khc,90,4,Seiji Aino,Love Tyrant,1,"Fri, 01 Apr 2022 00:52:57 GMT",1.64877E+12,14,,,,No,No,lp,,2,0,1,2.47132E+17,2.47132E+17,7.30538E+17,10,F,S,S,S,S,F,A,,
9s5l8m,22,2,Tatsuhiro Nome,B-PROJECT: Kodou*Ambitious,2,"Fri, 01 Apr 2022 00:24:07 GMT",1.64877E+12,24,,,,No,No,lp,,1,0,2,2.47132E+17,2.47132E+17,7.30538E+17,18,F,S,S,S,S,F,A,,
97sjqp,78,4,Tamaki Yotsuba,IDOLiSH7,3,"Wed, 30 Mar 2022 22:50:22 GMT",1.64868E+12,73,,,,No,No,lp,,13,1,3,2.47132E+17,2.47132E+17,7.30538E+17,53,F,S,S,S,S,D,A,,
97sbx8,79,4,Carol Mudagolas,Carol,0,"Wed, 30 Mar 2022 22:02:19 GMT",1.64868E+12,7,,,,No,No,lp,,1,0,0,2.47132E+17,2.47132E+17,7.30538E+17,5,F,S,S,S,S,F,A,,
97sbdb,33230,1,Boof,Suzy's Zoo Daisuki! Witzy,3,"Wed, 30 Mar 2022 21:46:51 GMT",1.64868E+12,12,,,,No,No,boof,,3,0,3,6.57866E+17,6.95046E+17,7.30538E+17,6,F,S,F,F,F,F,C,,
97f6s0,41,4,D-Tector,Digimon Frontier,0,"Wed, 30 Mar 2022 20:41:15 GMT",1.64867E+12,6,,,,No,No,lp,,2,0,0,2.47132E+17,2.47132E+17,9.10968E+17,5,F,S,S,S,S,F,A,,
9l0v3q,17,4,Loretta Cristiano Amodio,Gangsta.,3,"Sun, 27 Mar 2022 21:52:25 GMT",1.64842E+12,65,,,,No,No,lp,,1,0,3,2.47132E+17,2.47132E+17,7.30538E+17,46,F,S,S,S,S,F,A,,
99kz9s,36,4,Saleh,Tales of Rebirth,0,"Sat, 26 Mar 2022 09:40:51 GMT",1.64829E+12,6,,,,No,No,lp,,0,0,0,2.47132E+17,2.47132E+17,8.0262E+17,5,F,S,S,S,S,F,A,,
99kzg7,47,4,Nagi Rokuya,IDOLiSH7,1,"Sat, 26 Mar 2022 09:35:05 GMT",1.64829E+12,17,,,,No,No,lp,,14,0,1,2.47132E+17,2.47132E+17,8.0262E+17,10,F,S,S,S,S,F,A,,
99kz31,36,4,Rice Shower,Uma Musume: Pretty Derby Season 2,2,"Sat, 26 Mar 2022 09:20:53 GMT",1.64829E+12,45,,,,No,No,lp,,35,0,2,2.47132E+17,2.47132E+17,8.0262E+17,30,F,S,S,S,S,F,A,,
9glz2n,78,4,Jin Amamiya,Yumeiro Cast,2,"Fri, 25 Mar 2022 22:24:45 GMT",1.64825E+12,28,,,,No,No,lp,,1,0,2,2.47132E+17,2.47132E+17,8.0262E+17,19,F,S,S,S,A,F,A,,
93pfrb,95,4,Leon Elliott,Black Cat,1,"Fri, 25 Mar 2022 00:08:41 GMT",1.64817E+12,13,,,,No,No,lp,,1,0,1,2.47132E+17,2.47132E+17,7.30538E+17,8,F,S,S,S,A,F,A,,
93z1ht,55,4,Katalina Alize,Granblue Fantasy the Animation,1,"Thu, 24 Mar 2022 22:27:36 GMT",1.64816E+12,23,,,,No,No,lp,,27,0,1,2.47132E+17,2.47132E+17,8.0262E+17,18,F,S,S,S,S,F,A,,
93z1v6,89,2,Amon,Uramichi Oniisan,0,"Thu, 24 Mar 2022 22:11:12 GMT",1.64816E+12,4,,,,No,No,lp,,0,0,0,2.47132E+17,2.47132E+17,8.0262E+17,1,F,S,S,S,S,F,A,,
93z1m1,54,4,Katalina Alize,Granblue Fantasy the Animation,1,"Thu, 24 Mar 2022 22:00:48 GMT",1.64816E+12,23,,,,No,No,lp,,27,0,1,2.47132E+17,2.47132E+17,8.0262E+17,18,F,S,S,S,S,F,A,,
93k7z9,32746,1,Boof,Suzy's Zoo Daisuki! Witzy,2,"Thu, 24 Mar 2022 21:53:50 GMT",1.64816E+12,6,,,,No,No,boof,,3,0,2,6.57866E+17,9.49621E+16,7.30538E+17,4,F,S,F,F,F,F,C,,
9r8bg4,22,4,Sakurako Kujou,Beautiful Bones: Sakurako's Investigation,2,"Thu, 24 Mar 2022 07:39:51 GMT",1.64811E+12,46,,,,No,No,lp,,13,4,2,2.47132E+17,2.47132E+17,7.15844E+17,35,F,S,S,S,S,A,A,,
9rwzxp,55,4,Joshua,The World Ends with You,2,"Wed, 23 Mar 2022 20:49:01 GMT",1.64807E+12,46,,,,No,No,lp,,30,6,2,2.47132E+17,2.47132E+17,7.15844E+17,36,F,S,S,S,S,S,A,,
9pc96g,15,4,Masamune Shichigahama,Bakuten!!,2,"Wed, 23 Mar 2022 17:32:42 GMT",1.64806E+12,26,,,,No,No,lp,,1,0,2,2.47132E+17,2.47132E+17,7.30538E+17,19,F,S,S,S,S,F,A,,
p8x1q1,92,2,Seijirou Kanmuri,Amazing Stranger,1,"Sat, 11 Dec 2021 21:17:34 GMT",1.63926E+12,7,,,,No,No,,,0,0,1,2.47132E+17,2.47132E+17,7.30538E+17,5,F,S,S,S,S,F,A,,
4wbhzk,23916,1,Boof,Suzy's Zoo Daisuki! Witzy,2,"Wed, 03 Nov 2021 22:41:02 GMT",1.63598E+12,6,,,,No,No,boof,,3,0,2,5.2629E+17,5.2629E+17,7.30538E+17,5,F,S,F,F,S,F,B,,
zscfhv,17,2,Kazahaya Kudo,xxxHOLiC,2,"Wed, 27 Oct 2021 12:33:22 GMT",1.63534E+12,22,,,,No,No,lp,,1,0,2,6.18294E+17,2.47132E+17,6.48032E+17,16,F,S,S,F,S,F,A,,
zlt2m5,83,3,Micott,Drugstore in Another World: The Slow Life of a Cheat Pharmacist,2,"Sat, 23 Oct 2021 19:52:41 GMT",1.63502E+12,23,,,,No,No,lp,,1,0,2,2.47132E+17,2.47132E+17,7.30538E+17,18,F,S,S,S,S,F,A,,
16lkkq,21904,1,Boof,Suzy's Zoo Daisuki! Witzy,2,"Mon, 18 Oct 2021 19:58:33 GMT",1.63459E+12,6,,,,No,No,boof,,3,0,2,6.68568E+17,7.31763E+17,8.49218E+17,5,F,S,F,F,C,F,B,,
1b4x8q,20785,1,Boof,Suzy's Zoo Daisuki! Witzy,3,"Mon, 18 Oct 2021 19:58:14 GMT",1.63459E+12,12,,,,No,No,boof,,3,0,3,7.57498E+17,7.31763E+17,6.32549E+17,6,F,S,F,F,F,F,B,,
zz73wf,54,3,Yuika Shiina,Nijisanji,3,"Mon, 18 Oct 2021 06:25:46 GMT",1.63454E+12,86,,,,No,No,lp,,2,1,3,,2.47132E+17,8.28812E+17,60,F,S,S,F,S,D,A,,
znssxl,70,3,Mitsuru Kamekura,Kara no Kyoukai: Mirai Fukuin - Extra Chorus,3,"Sat, 16 Oct 2021 21:41:09 GMT",1.63442E+12,37,,,,No,No,lp,,2,0,3,2.47132E+17,2.47132E+17,7.30538E+17,25,F,S,S,S,S,F,A,,
zvh7xs,22025,1,Boof,Suzy's Zoo Daisuki! Witzy,1,"Thu, 14 Oct 2021 22:29:07 GMT",1.63425E+12,3,,,,No,No,boof,,3,0,1,4.82006E+17,4.94004E+17,7.68097E+17,1,F,S,F,F,F,F,B,,
z57xkb,22429,1,Boof,Suzy's Zoo Daisuki! Witzy,2,"Thu, 14 Oct 2021 15:30:32 GMT",1.63423E+12,6,,,,No,No,boof,,3,0,2,2.4463E+17,2.4463E+17,7.74028E+17,5,F,S,F,F,S,F,B,,
zwhft1,22299,1,Boof,Suzy's Zoo Daisuki! Witzy,4,"Tue, 12 Oct 2021 16:05:38 GMT",1.63405E+12,25,,,,No,No,boof,,3,0,4,,6.25117E+17,7.58031E+17,14,F,S,F,F,A,F,B,,
1x4sh9,50,3,Garr Kelvin,Tales of Destiny,0,"Wed, 06 Oct 2021 05:15:02 GMT",1.6335E+12,5,,,,No,No,lp,,1,0,0,2.47132E+17,2.47132E+17,7.30538E+17,1,F,S,S,S,S,F,A,,
1x20rw,55,2,Jiao,Tales of Xillia,1,"Tue, 05 Oct 2021 23:19:26 GMT",1.63348E+12,8,,,,No,No,lp,,0,0,1,2.47132E+17,2.47132E+17,6.48032E+17,5,F,S,S,S,A,F,A,,
1svvxq,83,3,Hiroshi Odokawa,ODDTAXI,1,"Tue, 05 Oct 2021 03:46:25 GMT",1.63341E+12,17,,,,No,No,oddtaxi,,38,0,1,,2.47132E+17,4.24013E+17,10,F,S,S,F,A,F,A,,
1dgv2z,52,3,Azaka Kokutou,Kara no Kyoukai 3: Tsuukaku Zanryuu,1,"Mon, 04 Oct 2021 20:18:15 GMT",1.63338E+12,13,,,,No,No,lp,,4,3,1,2.47132E+17,2.47132E+17,6.48032E+17,8,F,S,S,S,S,B,A,,
17tgsg,14,3,Eleanor Hume,Tales of Berseria,3,"Mon, 04 Oct 2021 06:14:19 GMT",1.63333E+12,56,,,,No,No,lp,,9,3,3,2.47132E+17,2.47132E+17,6.48032E+17,41,F,S,S,S,S,B,A,,
1tpsrc,80,3,Marianne von Edmund,Fire Emblem: Three Houses,1,"Sun, 03 Oct 2021 09:52:28 GMT",1.63325E+12,22,,,,No,No,lp,,57,0,1,2.47132E+17,2.47132E+17,8.0262E+17,18,F,S,S,S,A,F,A,,
1t1wbd,11,3,Poncho Panacotta,How a Realist Hero Rebuilt the Kingdom,1,"Sun, 03 Oct 2021 06:51:07 GMT",1.63324E+12,8,,,,No,No,lp,,1,1,1,2.47132E+17,2.47132E+17,6.48032E+17,5,F,S,S,S,S,D,A,,
1tht17,60,3,Elaine Fen Dran Valgas,Drugstore in Another World: The Slow Life of a Cheat Pharmacist,4,"Sun, 03 Oct 2021 02:44:50 GMT",1.63323E+12,111,,,,No,No,lp,,1,0,4,2.47132E+17,2.47132E+17,8.0262E+17,80,F,S,S,S,S,F,A,,
18d42g,57,3,Liu Meng,Link Click,2,"Sat, 02 Oct 2021 21:32:18 GMT",1.63321E+12,26,,,,No,No,lp,,1,0,2,2.47132E+17,2.47132E+17,8.0262E+17,19,F,S,S,S,A,F,A,,
18dldw,60,3,Hyouta Ashikaga,Pretty Boy Detective Club,1,"Sat, 02 Oct 2021 21:15:15 GMT",1.63321E+12,19,,,,No,No,lp,,18,2,1,,2.47132E+17,4.24013E+17,15,F,S,S,F,B,C,A,,
189x00,37,3,Yuka Tokitate,"I'm standing on 1,000,000 lives.",1,"Sat, 02 Oct 2021 18:38:11 GMT",1.6332E+12,13,,,,No,No,lp,,1,1,1,,2.47132E+17,4.40601E+17,8,F,S,S,F,A,D,A,,
18f22j,41,3,Julius Juukulius,Re:ZERO -Starting Life in Another World-,3,"Sat, 02 Oct 2021 18:20:51 GMT",1.6332E+12,78,,,,No,No,lp,,9,4,3,,2.47132E+17,5.41339E+17,59,F,S,S,F,S,A,A,,
1lw1tq,47,3,Lio Shirazumi,Kara no Kyoukai 2: Satsujin Kousatsu (Zen),2,"Fri, 01 Oct 2021 16:45:52 GMT",1.63311E+12,21,,,,No,No,lp,,1,0,2,,2.47132E+17,8.85728E+17,14,F,S,S,F,A,F,A,,
1f147s,25,3,Kyoko Kurahashi,Tokyo Ravens,3,"Thu, 30 Sep 2021 21:17:51 GMT",1.63304E+12,53,,,,No,No,lp,,1,1,3,,2.47132E+17,4.24013E+17,35,F,S,S,F,A,D,A,,
19rgrb,56,3,Kurumi Nekomai,Murenase! Seton Gakuen,3,"Thu, 30 Sep 2021 05:12:31 GMT",1.63298E+12,61,,,,No,No,lp,,3,3,3,2.47132E+17,2.47132E+17,6.48032E+17,45,F,S,S,S,S,B,A,,
1rqtwn,54,3,Yuuko Mase,Saki: The Nationals,1,"Mon, 27 Sep 2021 18:11:17 GMT",1.63277E+12,10,,,,No,No,lp,,1,0,1,2.47132E+17,2.47132E+17,7.30538E+17,8,F,S,S,S,S,F,A,,
1pz6r0,44,3,Chiyuki,Death Parade,3,"Mon, 27 Sep 2021 06:06:40 GMT",1.63272E+12,99,,,,No,No,deathparade3,,33,0,3,7.524E+17,2.47132E+17,7.27276E+17,68,F,S,S,F,S,F,A,,
1193bv,17,3,Ichigo Hoshimiya,Aikatsu!,1,"Sat, 25 Sep 2021 05:42:48 GMT",1.63255E+12,14,,,,No,No,lp,,20,0,1,2.47132E+17,2.47132E+17,7.30538E+17,10,F,S,S,S,S,F,A,,
1nd03f,61,3,Kyoshiro Tohdoh,Code Geass: Lelouch of the Rebellion,4,"Fri, 24 Sep 2021 16:04:28 GMT",1.6325E+12,93,,,,No,No,lp,,1,0,4,,2.47132E+17,7.29656E+17,60,F,S,S,F,A,F,A,,
1n8172,19,3,Oubu,Reikenzan: Hoshikuzu-tachi no Utage,3,"Fri, 24 Sep 2021 14:44:11 GMT",1.63249E+12,58,,,,No,No,lp,,6,1,3,,2.47132E+17,7.30538E+17,41,F,S,S,F,A,D,A,,
1jl176,20856,1,Boof,Suzy's Zoo Daisuki! Witzy,0,"Thu, 23 Sep 2021 20:02:08 GMT",1.63243E+12,1,,,,No,No,boof,,3,0,0,2.47132E+17,2.47132E+17,8.5953E+17,0,F,S,S,S,S,F,B,,
1bx6ld,24,3,Kaval,That Time I Got Reincarnated as a Slime,0,"Thu, 23 Sep 2021 05:20:39 GMT",1.63237E+12,6,,,,No,No,lp,,1,0,0,2.47132E+17,2.47132E+17,8.5953E+17,5,F,S,S,S,S,F,A,,
15nt5b,20724,1,Boof,Suzy's Zoo Daisuki! Witzy,4,"Thu, 23 Sep 2021 00:10:13 GMT",1.63236E+12,25,,,,No,No,boof,,3,0,4,,4.94004E+17,3.96779E+17,14,F,S,F,F,B,F,B,,
15rz60,34,3,Vajra,Granblue Fantasy,2,"Wed, 22 Sep 2021 05:42:15 GMT",1.63229E+12,30,,,,No,No,lp,,10,0,2,2.47132E+17,2.47132E+17,8.5953E+17,23,F,S,S,S,A,F,A,,
1khlp6,16,3,Garak Gazelt,Snow White with the Red Hair,3,"Tue, 21 Sep 2021 05:19:38 GMT",1.6322E+12,49,,,,No,No,lp,,1,1,3,,2.47132E+17,7.27276E+17,33,F,S,S,F,A,D,A,,
1hms2f,64,3,Build Strike Gundam Full Package,Gundam Build Fighters,0,"Mon, 20 Sep 2021 23:49:43 GMT",1.63218E+12,5,,,,No,No,lp,,2,0,0,7.66166E+17,7.41362E+17,6.32549E+17,1,F,S,F,F,F,F,A,,
1v94n2,73,3,Kyoko,River City Girls,4,"Fri, 17 Sep 2021 04:50:02 GMT",1.63185E+12,128,,,,No,No,lp,,19,1,4,2.47132E+17,2.47132E+17,6.48032E+17,91,F,S,S,S,S,D,A,,
1mvl5c,20266,1,Boof,Suzy's Zoo Daisuki! Witzy,2,"Fri, 17 Sep 2021 03:14:39 GMT",1.63185E+12,6,,,,No,No,boof,,3,0,2,7.91348E+17,1.50268E+17,7.04509E+17,5,F,S,F,F,F,F,B,,
1vrr43,20365,1,Boof,Suzy's Zoo Daisuki! Witzy,2,"Fri, 17 Sep 2021 03:14:39 GMT",1.63185E+12,6,,,,No,No,boof,,3,0,2,,1.50268E+17,7.21059E+17,5,F,S,F,F,A,F,B,,
nclg89,20250,1,Boof,Suzy's Zoo Daisuki! Witzy,1,"Wed, 15 Sep 2021 20:39:16 GMT",1.63174E+12,3,,,,No,No,boof,,3,1,1,2.47132E+17,2.47132E+17,8.5953E+17,1,F,S,S,S,S,D,B,,
n603xx,50,3,Sachertorte,Food Fantasy,2,"Tue, 14 Sep 2021 15:58:05 GMT",1.63164E+12,33,,,,No,No,lp,,2,0,2,2.47132E+17,2.47132E+17,8.5953E+17,24,F,S,S,S,S,F,A,,
nxd9qr,53,3,Ako Hatoda,Magical Girl Raising Project,2,"Tue, 14 Sep 2021 12:33:04 GMT",1.63162E+12,19,,,,No,No,lp,,2,0,2,,2.47132E+17,8.51524E+17,13,F,S,S,F,F,F,A,,
nt9mmz,92,2,Carla Tsukinami,"Diabolik Lovers More, Blood",1,"Sat, 11 Sep 2021 07:26:44 GMT",1.63135E+12,17,,,,No,No,lp,,11,4,1,2.47132E+17,2.47132E+17,6.48032E+17,11,F,S,S,S,A,A,A,,
n8k0dh,33,3,Ruka,Conception,2,"Fri, 10 Sep 2021 06:01:50 GMT",1.63125E+12,31,,,,No,No,lp,,1,2,2,,2.47132E+17,7.30538E+17,24,F,S,S,F,S,C,A,,
nfz0nh,47,3,Oyuki,Urusei Yatsura,4,"Wed, 08 Sep 2021 22:00:35 GMT",1.63114E+12,86,,,,No,No,lp,,3,1,4,,2.47132E+17,7.30538E+17,60,F,S,S,F,A,D,A,,
nfwvd8,40,3,Issei Todoroki,I-CHU: Halfway Through the Idol,4,"Wed, 08 Sep 2021 18:03:45 GMT",1.63112E+12,85,,,,No,No,lp,,1,1,4,2.47132E+17,2.47132E+17,7.30538E+17,59,F,S,S,S,S,D,A,,
n32dr8,19,3,Blastmon,Digimon Xros Wars,3,"Mon, 06 Sep 2021 13:26:05 GMT",1.63093E+12,33,,,,No,No,lp,,0,1,3,2.47132E+17,2.47132E+17,7.30538E+17,23,F,S,S,S,A,D,A,,
n4cr4n,84,2,Dobu,ODDTAXI,1,"Sat, 04 Sep 2021 20:25:36 GMT",1.63079E+12,9,,,,No,No,oddtaxi,,3,0,1,,2.47132E+17,8.51524E+17,5,F,S,S,F,B,F,A,,
n4b4ck,99,1,Fubuki Spring,Scarlet Nexus,0,"Sat, 04 Sep 2021 07:52:43 GMT",1.63074E+12,2,,,,No,No,lp,,1,0,0,7.19211E+17,2.47132E+17,7.30538E+17,1,F,S,S,F,A,F,A,,
nnf8lp,99,3,Mozuku,New Game!,1,"Thu, 02 Sep 2021 07:21:44 GMT",1.63057E+12,14,,,,No,No,lp,,1,1,1,2.47132E+17,2.47132E+17,6.48032E+17,10,F,S,S,S,S,D,A,,
nbvlhh,83,3,Dr. Matsumoto,Vivy: Fluorite Eye's Song,2,"Tue, 31 Aug 2021 07:59:05 GMT",1.6304E+12,20,,,,No,No,vivy3,,1,2,2,2.47132E+17,2.47132E+17,6.48032E+17,16,F,S,S,S,A,C,A,,
n5cz7g,22,3,Toranosuke Miyamura,Yamada-kun and the Seven Witches,2,"Tue, 31 Aug 2021 06:19:37 GMT",1.63039E+12,35,,,,No,No,lp,,8,3,2,2.47132E+17,2.47132E+17,6.48032E+17,26,F,S,S,S,S,B,A,,
n5qg3t,19006,1,Boof,Suzy's Zoo Daisuki! Witzy,2,"Mon, 30 Aug 2021 16:11:23 GMT",1.63034E+12,6,,,,No,No,boof,,3,0,2,4.17003E+17,2.47132E+17,6.48032E+17,5,F,S,S,F,A,F,B,,
nwj22l,18897,1,Boof,Suzy's Zoo Daisuki! Witzy,3,"Sun, 29 Aug 2021 07:31:46 GMT",1.63022E+12,12,,,,No,No,boof,,3,0,3,,2.47132E+17,5.64466E+17,8,F,S,S,F,A,F,B,,
nhwhqx,95,3,Nerori,Animal Theratopia,0,"Fri, 27 Aug 2021 16:47:21 GMT",1.63008E+12,7,,,,No,No,lp,,4,0,0,2.47132E+17,2.47132E+17,7.30538E+17,5,F,S,S,S,S,F,A,,
nml4rj,59,3,Yuzuha,Conception,2,"Wed, 25 Aug 2021 00:23:22 GMT",1.62985E+12,27,,,,No,No,lp,,1,1,2,2.47132E+17,2.47132E+17,7.30538E+17,19,F,S,S,S,S,D,A,,
jslhlj,41,2,Seth,Closers,1,"Sat, 21 Aug 2021 22:25:44 GMT",1.62958E+12,17,,,,No,No,lp,,8,0,1,,2.47132E+17,7.27276E+17,10,F,S,S,F,B,F,A,,
jdq4pq,18258,1,Boof,Suzy's Zoo Daisuki! Witzy,1,"Fri, 20 Aug 2021 17:21:34 GMT",1.62948E+12,3,,,,No,No,boof,,3,0,1,,9.49621E+16,7.21059E+17,1,F,S,F,F,C,F,B,,
jl98nn,95,2,Alice Neverhayworth,Blood Blockade Battlefront & Beyond,2,"Tue, 17 Aug 2021 19:02:24 GMT",1.62923E+12,13,,,,No,No,lp,,0,0,2,,2.47132E+17,7.30538E+17,8,F,S,S,F,A,F,A,,
vcxdsj,3504,1,Boof,Suzy's Zoo Daisuki! Witzy,4,"Mon, 16 Aug 2021 06:22:14 GMT",1.62909E+12,25,$2mtzd,Spicy Pink,circustent,Yes,Yes,boofgod,,3,0,4,3.06848E+17,6.51072E+17,7.30538E+17,21,B,S,F,F,C,F,A,,
jn2d57,17501,1,Boof,Suzy's Zoo Daisuki! Witzy,1,"Mon, 16 Aug 2021 02:01:02 GMT",1.62908E+12,3,,,,No,No,boof,,3,0,1,6.25117E+17,6.25117E+17,7.30538E+17,1,F,S,F,F,F,F,B,,
j1sgdq,17603,1,Boof,Suzy's Zoo Daisuki! Witzy,1,"Wed, 11 Aug 2021 21:17:33 GMT",1.62872E+12,3,,,,No,No,boof,,3,0,1,,2.47132E+17,6.32549E+17,1,F,S,F,F,F,F,B,,
j2bt2r,41,2,The Archive,Vivy: Fluorite Eye's Song,1,"Tue, 03 Aug 2021 21:49:06 GMT",1.62803E+12,8,,,,No,No,vivy2,,1,0,1,5.59079E+17,5.59079E+17,8.00115E+17,5,F,S,F,F,A,F,A,,
j0w2xd,79,2,Izumi Ooishi,The iDOLM@STER: Cinderella Girls,2,"Sat, 31 Jul 2021 23:14:48 GMT",1.62777E+12,27,,,,No,No,lp,,1,1,2,2.47132E+17,2.47132E+17,6.48032E+17,19,F,S,S,S,S,D,A,,
bd1w75,69,2,Yuu Amano,Digimon Xros Wars: Aku no Death General to Shichinin no Oukoku,2,"Mon, 26 Jul 2021 03:04:56 GMT",1.62727E+12,15,,,,No,No,lp,,1,0,2,2.47132E+17,2.47132E+17,7.30538E+17,10,F,S,S,S,A,F,A,,
bfdljb,42,2,Satoru Kakuta,Slam Dunk,1,"Thu, 22 Jul 2021 04:59:34 GMT",1.62693E+12,9,,,,No,No,lp,,1,0,1,2.47132E+17,2.47132E+17,8.5953E+17,5,F,S,S,S,S,F,A,,
bgchw1,18,2,Vidalshal,The Familiar of Zero F,1,"Tue, 20 Jul 2021 16:26:29 GMT",1.6268E+12,9,,,,No,No,lp,,1,0,1,2.47132E+17,2.47132E+17,7.30538E+17,5,F,S,S,S,S,F,A,,
b3vk8d,51,2,John,Eden,1,"Mon, 19 Jul 2021 02:15:01 GMT",1.62666E+12,6,,,,No,No,lp,,1,0,1,2.47132E+17,2.47132E+17,7.30538E+17,5,F,S,S,S,B,F,A,,
bj58c2,15840,1,Boof,Suzy's Zoo Daisuki! Witzy,2,"Tue, 13 Jul 2021 23:56:37 GMT",1.62622E+12,6,,,,No,No,boof,,3,0,2,,7.31763E+17,5.99777E+17,5,F,S,F,F,S,F,B,,
bw6tr8,15662,1,Boof,Suzy's Zoo Daisuki! Witzy,2,"Sat, 10 Jul 2021 20:25:36 GMT",1.62595E+12,6,,,,No,No,boof,,3,0,2,2.27036E+17,2.47132E+17,6.48032E+17,5,F,S,F,F,B,F,B,,
56g6qq,10,1,The Archive,Vivy: Fluorite Eye's Song,1,"Fri, 09 Jul 2021 14:08:52 GMT",1.62584E+12,4,,,,No,No,vivy1,,1,0,1,,5.2629E+17,7.30538E+17,1,F,S,F,F,A,F,A,,
57mrg9,14957,1,Boof,Suzy's Zoo Daisuki! Witzy,2,"Wed, 30 Jun 2021 15:45:26 GMT",1.62507E+12,6,,,,No,No,boof,,3,0,2,7.55452E+17,2.47132E+17,6.48032E+17,5,F,S,F,F,S,F,B,,
5lp15g,14825,1,Boof,Suzy's Zoo Daisuki! Witzy,1,"Wed, 30 Jun 2021 04:09:30 GMT",1.62503E+12,3,,,,No,No,boof,,3,0,1,3.93132E+17,3.93132E+17,7.30538E+17,1,F,S,F,F,A,F,B,,
55d988,14166,1,Boof,Suzy's Zoo Daisuki! Witzy,1,"Tue, 29 Jun 2021 03:11:51 GMT",1.62494E+12,3,,,,No,No,boof,,3,1,1,4.04434E+17,6.51072E+17,8.21166E+17,1,F,S,F,F,A,D,A,,
5w19z1,14040,1,Boof,Suzy's Zoo Daisuki! Witzy,2,"Wed, 16 Jun 2021 06:52:20 GMT",1.62383E+12,6,,,,No,No,boof,,3,0,2,3.05509E+17,4.04128E+17,4.24013E+17,5,F,S,F,F,F,F,A,,
5mns8r,13709,1,Boof,Suzy's Zoo Daisuki! Witzy,2,"Sun, 13 Jun 2021 06:49:47 GMT",1.62357E+12,6,,,,No,No,boof,,3,0,2,3.66851E+17,3.66851E+17,7.15844E+17,5,F,S,F,F,S,F,A,,
50mct0,86,2,Braid-Ken,Afro-Ken,2,"Sun, 13 Jun 2021 06:49:08 GMT",1.62357E+12,21,,,,No,No,afro-ken2,,6,1,2,4.03742E+17,7.733E+17,6.32549E+17,13,F,S,F,F,S,D,A,,
5mfkm6,46,2,Flamingo,Heaven's Design Team,2,"Fri, 11 Jun 2021 18:38:41 GMT",1.62344E+12,21,,,,No,No,lp,,2,1,2,,2.47132E+17,7.30538E+17,14,F,S,S,F,S,D,A,,
kx1vn9,13544,1,Boof,Suzy's Zoo Daisuki! Witzy,2,"Wed, 09 Jun 2021 05:34:53 GMT",1.62322E+12,6,,,,No,No,boof,,3,0,2,4.28651E+17,4.28651E+17,7.30538E+17,5,F,S,F,F,S,F,A,,
kpf1h1,68,2,NC8429,Cells at Work! CODE BLACK!,1,"Mon, 31 May 2021 08:52:03 GMT",1.62245E+12,12,,,,No,No,lp,,1,2,1,,2.47132E+17,7.30538E+17,8,F,S,S,F,A,C,A,,
k4j3rz,12851,1,Boof,Suzy's Zoo Daisuki! Witzy,1,"Sun, 30 May 2021 08:22:08 GMT",1.62236E+12,3,,,,No,No,boof,,3,0,1,5.10683E+17,2.04279E+17,8.0262E+17,1,F,S,F,F,F,F,A,,
4ncgl,627,1,Rantaro Amami,Danganronpa V3: Killing Harmony,4,"Sat, 29 May 2021 07:37:40 GMT",1.62227E+12,256,$00kkv,Honey and Thyme,madscientist,Yes,No,art,,101,0,2,3.00315E+17,3.00315E+17,6.29993E+17,215,B,B,F,F,C,F,A,,
w7955l,11860,1,Boof,Suzy's Zoo Daisuki! Witzy,4,"Fri, 28 May 2021 19:11:40 GMT",1.62223E+12,25,,,,No,No,boof,,3,0,4,8.06285E+17,2.03584E+17,6.32549E+17,14,F,S,F,F,A,F,A,,
wv4vwd,10593,1,Boof,Suzy's Zoo Daisuki! Witzy,2,"Mon, 24 May 2021 16:35:10 GMT",1.62187E+12,6,,,,No,No,boof,,3,0,2,5.59079E+17,3.23916E+17,7.30538E+17,5,F,S,F,F,A,F,A,,
kq1xch,20,2,Jil,Those Snow White Notes,3,"Fri, 21 May 2021 23:35:07 GMT",1.62164E+12,27,,,,No,No,lp,,1,0,3,,2.47132E+17,7.30538E+17,18,F,S,S,F,S,F,A,,
w82tfq,85,1,Cotton Candy-Ken,Afro-Ken,2,"Thu, 13 May 2021 10:50:44 GMT",1.6209E+12,15,,,,No,No,afro-ken1,,5,0,2,2.47132E+17,2.47132E+17,7.30538E+17,10,F,S,S,S,S,F,A,,
whb1ds,10752,1,Boof,Suzy's Zoo Daisuki! Witzy,3,"Sat, 01 May 2021 07:30:27 GMT",1.61985E+12,12,,,,No,No,boof,,3,0,3,,3.24719E+17,7.30538E+17,6,F,S,F,F,A,F,A,,
wh2r6f,10744,1,Boof,Suzy's Zoo Daisuki! Witzy,0,"Wed, 28 Apr 2021 17:34:53 GMT",1.61963E+12,1,,,,No,No,boof,,3,0,0,2.03584E+17,2.03584E+17,7.04015E+17,0,F,S,F,F,S,F,A,,
wvrzpn,10600,1,Boof,Suzy's Zoo Daisuki! Witzy,2,"Mon, 26 Apr 2021 14:42:27 GMT",1.61945E+12,6,,,,No,No,boof,,3,0,2,,6.25117E+17,7.30538E+17,5,F,S,F,F,F,F,A,,
2shckg,10307,1,Boof,Suzy's Zoo Daisuki! Witzy,3,"Thu, 22 Apr 2021 05:13:57 GMT",1.61907E+12,12,,,,No,No,boof,,3,0,3,2.99785E+17,2.99785E+17,6.32549E+17,6,F,S,F,F,B,F,A,,
2j7wp8,9415,1,Boof,Suzy's Zoo Daisuki! Witzy,2,"Tue, 20 Apr 2021 20:48:41 GMT",1.61895E+12,6,,,,No,No,boof,,3,0,2,4.80777E+17,4.80777E+17,7.68148E+17,5,F,S,F,F,A,F,A,,
212z5z,9483,1,Boof,Suzy's Zoo Daisuki! Witzy,2,"Thu, 15 Apr 2021 02:32:36 GMT",1.61845E+12,6,,,,No,No,boof,,3,0,2,,9.49621E+16,6.92413E+17,5,F,S,F,F,F,F,A,,
2w8895,9182,1,Boof,Suzy's Zoo Daisuki! Witzy,0,"Fri, 09 Apr 2021 00:53:31 GMT",1.61793E+12,1,,,,No,No,boof,,3,0,0,9.49621E+16,9.49621E+16,7.15844E+17,0,F,S,F,F,S,F,A,,
hj146r,7724,1,Boof,Suzy's Zoo Daisuki! Witzy,2,"Sun, 04 Apr 2021 23:43:35 GMT",1.61758E+12,6,,,,No,No,boof,,3,0,2,,9.49621E+16,7.48088E+17,5,F,S,F,F,D,F,A,,
2qlb2j,8999,1,Boof,Suzy's Zoo Daisuki! Witzy,4,"Sun, 04 Apr 2021 19:15:55 GMT",1.61756E+12,25,,,,No,No,boof,,3,0,4,3.54674E+17,1.48584E+17,7.30538E+17,14,F,S,F,F,C,F,A,,
hdmct1,81,2,Eggnog,Food Fantasy,2,"Thu, 01 Apr 2021 18:40:50 GMT",1.6173E+12,33,,,,No,No,lp,,3,0,2,4.81238E+17,4.81238E+17,5.0307E+17,20,F,S,F,F,A,F,A,,
hcgqdl,8778,1,Boof,Suzy's Zoo Daisuki! Witzy,1,"Wed, 31 Mar 2021 17:37:00 GMT",1.61721E+12,3,,,,No,No,boof,,3,0,1,,3.51473E+17,7.60659E+17,1,F,S,F,F,B,F,A,,
hxt0fv,8693,1,Boof,Suzy's Zoo Daisuki! Witzy,2,"Tue, 30 Mar 2021 04:12:02 GMT",1.61708E+12,6,,,,No,No,boof,,3,0,2,5.41314E+17,7.19082E+17,7.04015E+17,5,F,S,F,F,A,F,A,,
h7cr2s,70,2,Madeleine,Food Fantasy,2,"Sat, 27 Mar 2021 19:31:31 GMT",1.61687E+12,34,,,,No,No,lp,,1,0,2,,2.47132E+17,7.30538E+17,24,F,S,S,F,S,F,A,,
htkf51,8430,1,Boof,Suzy's Zoo Daisuki! Witzy,2,"Fri, 26 Mar 2021 05:38:09 GMT",1.61674E+12,6,,,,No,No,boof,,3,0,2,,7.31763E+17,5.99777E+17,5,F,S,F,F,A,F,A,,
h8wklj,8375,1,Boof,Suzy's Zoo Daisuki! Witzy,2,"Thu, 25 Mar 2021 09:23:24 GMT",1.61666E+12,6,,,,No,No,boof,,3,1,2,,2.47132E+17,7.30538E+17,5,F,S,S,F,S,D,A,,
hlx1cn,8368,1,Boof,Suzy's Zoo Daisuki! Witzy,2,"Thu, 25 Mar 2021 02:14:28 GMT",1.61664E+12,6,,,,No,No,boof,,3,0,2,1.66096E+17,1.48584E+17,2.13781E+17,5,F,S,F,F,S,F,A,,
qtwqqr,54,1,Longjing Tea,Food Fantasy,2,"Thu, 25 Mar 2021 01:17:07 GMT",1.61664E+12,22,,,,No,No,lp,,4,3,2,,3.94438E+17,7.30538E+17,16,F,S,F,F,A,B,A,,
q8gfbd,76,1,Century Egg,Food Fantasy,2,"Thu, 25 Mar 2021 01:15:08 GMT",1.61663E+12,21,,,,No,No,lp,,1,0,2,2.99785E+17,2.99785E+17,7.09433E+17,13,F,S,F,F,A,F,A,,
hfwb6r,8285,1,Boof,Suzy's Zoo Daisuki! Witzy,0,"Tue, 23 Mar 2021 16:58:42 GMT",1.61652E+12,1,,,,No,No,boof,,3,0,0,1.39227E+17,9.49621E+16,3.43119E+17,0,F,S,F,F,F,F,A,,
hn3xm6,7799,1,Boof,Suzy's Zoo Daisuki! Witzy,2,"Sat, 20 Mar 2021 12:15:30 GMT",1.61624E+12,6,,,,No,No,boof,,3,0,2,4.22975E+17,1.56546E+17,7.21059E+17,5,F,S,F,F,B,F,A,,
hzl0hn,7911,1,Boof,Suzy's Zoo Daisuki! Witzy,3,"Wed, 17 Mar 2021 20:28:45 GMT",1.61601E+12,12,,,,No,No,boof,,3,0,3,,8.05193E+17,4.44346E+17,6,F,S,F,F,C,F,A,,
hzqfhj,718,2,Atago,Azur Lane,3,"Wed, 17 Mar 2021 07:36:52 GMT",1.61597E+12,146,,,,No,No,booba,,8,1,3,2.47132E+17,2.47132E+17,7.30538E+17,94,F,S,S,S,S,D,C,,
h5hkgc,7595,1,Boof,Suzy's Zoo Daisuki! Witzy,2,"Sun, 14 Mar 2021 07:03:42 GMT",1.61571E+12,6,,,,No,No,boof,,3,0,2,,1.48584E+17,6.92413E+17,5,F,S,F,F,A,F,A,,
h5l34v,7640,1,Boof,Suzy's Zoo Daisuki! Witzy,2,"Sat, 13 Mar 2021 04:40:39 GMT",1.61561E+12,6,,,,No,No,boof,,3,1,2,7.19082E+17,7.19082E+17,7.30538E+17,5,F,S,F,F,S,D,A,,
h50j2l,7592,1,Boof,Suzy's Zoo Daisuki! Witzy,0,"Fri, 12 Mar 2021 15:31:31 GMT",1.61556E+12,1,,,,No,No,boof,,3,0,0,,2.47132E+17,7.30538E+17,0,F,S,S,F,S,F,A,,
qtk3z9,6726,1,Boof,Suzy's Zoo Daisuki! Witzy,2,"Sun, 28 Feb 2021 23:17:16 GMT",1.61455E+12,6,,,,No,No,boof,,3,0,2,2.1415E+17,4.94004E+17,7.04015E+17,5,F,S,F,F,C,F,A,,
q7zfj5,98,2,Elena Aoki,Gleipnir,2,"Fri, 26 Feb 2021 16:10:51 GMT",1.61436E+12,27,,,,No,No,lp,,1,4,2,,2.47132E+17,7.30538E+17,19,F,S,S,F,S,A,A,,
q8rlzl,6689,1,Boof,Suzy's Zoo Daisuki! Witzy,4,"Fri, 26 Feb 2021 11:37:50 GMT",1.61434E+12,25,,,,No,No,boof,,3,0,4,7.24914E+17,4.87896E+17,7.30538E+17,15,F,S,F,F,A,F,A,,
qtbx55,73,1,Plum Juice,Food Fantasy,1,"Thu, 25 Feb 2021 09:34:55 GMT",1.61425E+12,10,,,,No,No,lp,,1,0,1,6.51072E+17,2.47132E+17,7.30538E+17,8,F,S,S,F,A,F,A,,
q8rhkx,60,1,Laba Noodles,Food Fantasy,2,"Wed, 24 Feb 2021 13:32:21 GMT",1.61417E+12,22,,,,No,No,lp,,1,2,2,2.47132E+17,2.47132E+17,7.30538E+17,19,F,S,S,S,S,C,A,,
q8rhkd,32,1,Yogurt,Food Fantasy,2,"Wed, 24 Feb 2021 13:32:17 GMT",1.61417E+12,26,,,,No,No,lp,,1,1,2,2.47132E+17,2.47132E+17,7.30538E+17,19,F,S,S,S,S,D,A,,
q8pfmw,30,1,Zitui Bun,Food Fantasy,3,"Wed, 24 Feb 2021 13:15:08 GMT",1.61417E+12,46,,,,No,No,lp,,2,1,3,2.47132E+17,2.47132E+17,7.30538E+17,34,F,S,S,S,A,D,A,,
q8p11v,28,1,Black Truffle,Food Fantasy,0,"Wed, 24 Feb 2021 12:52:38 GMT",1.61417E+12,6,,,,No,No,lp,,3,4,0,2.47132E+17,2.47132E+17,7.30538E+17,5,F,S,S,S,A,A,A,,
q8phdg,22,1,Ddeokbokki,Food Fantasy,2,"Wed, 24 Feb 2021 12:38:27 GMT",1.61417E+12,27,,,,No,No,lp,,3,4,2,2.47132E+17,2.47132E+17,7.30538E+17,20,F,S,S,S,S,A,A,,
q84s71,96,2,Itsuki Shikatani,Yarichin Bitch-bu,2,"Wed, 24 Feb 2021 12:16:27 GMT",1.61417E+12,43,,,,No,No,lp,,17,2,2,2.47132E+17,2.47132E+17,7.30538E+17,31,F,S,S,S,S,C,A,,
q8jfn0,6675,1,Boof,Suzy's Zoo Daisuki! Witzy,4,"Wed, 24 Feb 2021 07:08:36 GMT",1.61415E+12,25,,,,No,No,boof,,3,1,4,3.66851E+17,3.66851E+17,7.30538E+17,15,F,S,F,F,S,D,A,,
q8ks5g,6668,1,Boof,Suzy's Zoo Daisuki! Witzy,3,"Wed, 24 Feb 2021 04:23:33 GMT",1.61414E+12,12,,,,No,No,boof,,3,0,3,8.12936E+17,2.47132E+17,7.30538E+17,6,F,S,S,F,C,F,A,,
qflwgc,6564,1,Boof,Suzy's Zoo Daisuki! Witzy,2,"Tue, 23 Feb 2021 05:59:00 GMT",1.61406E+12,6,,,,No,No,boof,,3,0,2,1.89502E+17,1.89502E+17,3.43119E+17,5,F,S,F,F,S,F,A,,
ql22zx,95,2,Anri Sonohara,Durarara!!,4,"Mon, 22 Feb 2021 23:09:31 GMT",1.61404E+12,126,,,,No,No,lp,,11,2,4,2.47132E+17,2.47132E+17,4.24013E+17,93,F,S,S,S,A,C,A,,
qf8v10,22,2,Iska,Our Last Crusade or the Rise of a New World,2,"Mon, 22 Feb 2021 10:38:56 GMT",1.61399E+12,30,,,,No,No,lp,,7,9,2,,2.47132E+17,7.30538E+17,25,F,S,S,F,S,S,A,,
qfqtq8,33,2,Hayate Ayasaki,Hayate the Combat Butler!,3,"Sun, 21 Feb 2021 17:48:15 GMT",1.61393E+12,50,,,,No,No,lp,,6,3,3,,2.47132E+17,4.24013E+17,36,F,S,S,F,A,B,A,,
q9x6m0,6512,1,Boof,Suzy's Zoo Daisuki! Witzy,1,"Sun, 21 Feb 2021 10:58:39 GMT",1.61391E+12,3,,,,No,No,boof,,3,0,1,6.85645E+17,2.47132E+17,7.30538E+17,1,F,S,S,F,A,F,A,,
q9gcjk,6493,1,Boof,Suzy's Zoo Daisuki! Witzy,2,"Sun, 21 Feb 2021 01:32:45 GMT",1.61387E+12,6,,,,No,No,boof,,3,0,2,1.20722E+17,2.47132E+17,4.24013E+17,5,F,S,S,F,S,F,A,,
qr899c,6331,1,Boof,Suzy's Zoo Daisuki! Witzy,3,"Fri, 19 Feb 2021 05:00:35 GMT",1.61371E+12,12,,,,No,No,boof,,3,0,3,,4.94004E+17,7.21059E+17,6,F,S,F,F,F,F,A,,
qp5vcq,98,1,Bee Woman,Wonder Egg Priority,2,"Mon, 15 Feb 2021 09:42:37 GMT",1.61338E+12,7,,,,No,No,wep1,,1,0,2,2.47132E+17,2.47132E+17,7.30538E+17,5,F,S,S,S,A,F,A,,
qpvxtq,49,1,Nishina Toriko,Urasekai Picnic,3,"Mon, 15 Feb 2021 03:08:35 GMT",1.61336E+12,31,,,,No,No,lp,,11,0,3,2.71758E+17,2.47132E+17,7.30538E+17,21,F,S,S,F,B,F,A,,
qpvxls,6225,1,Boof,Suzy's Zoo Daisuki! Witzy,2,"Mon, 15 Feb 2021 03:05:02 GMT",1.61336E+12,6,,,,No,No,boof,,3,1,2,6.18585E+17,6.18585E+17,7.30538E+17,5,F,S,F,F,S,D,A,,
qpv5sx,6224,1,Boof,Suzy's Zoo Daisuki! Witzy,0,"Mon, 15 Feb 2021 02:29:41 GMT",1.61336E+12,1,,,,No,No,boof,,3,0,0,5.58145E+17,4.94004E+17,7.21059E+17,0,F,S,F,F,F,F,A,,
q4b4nf,51,1,Seeno Evil,Wonder Egg Priority,1,"Sun, 14 Feb 2021 03:10:21 GMT",1.61327E+12,5,,,,No,No,wep1,,1,0,1,4.80777E+17,2.47132E+17,7.30538E+17,1,F,S,S,F,A,F,A,,
q1dv40,6110,1,Boof,Suzy's Zoo Daisuki! Witzy,1,"Sat, 13 Feb 2021 07:03:52 GMT",1.6132E+12,3,,,,No,No,boof,,3,0,1,,9.49621E+16,5.41339E+17,1,F,S,F,F,D,F,A,,
qb1f8r,5912,1,Boof,Suzy's Zoo Daisuki! Witzy,3,"Mon, 08 Feb 2021 06:08:06 GMT",1.61276E+12,12,,,,No,No,boof,,3,1,3,5.35236E+17,4.26968E+17,7.30538E+17,6,F,S,F,F,A,D,A,,
q55rl7,5840,1,Boof,Suzy's Zoo Daisuki! Witzy,4,"Sat, 06 Feb 2021 03:30:53 GMT",1.61258E+12,25,,,,No,No,boof,,3,0,4,1.89502E+17,1.89502E+17,6.48032E+17,15,F,S,F,F,S,F,A,,
qhgckd,5601,1,Boof,Suzy's Zoo Daisuki! Witzy,2,"Wed, 03 Feb 2021 03:01:07 GMT",1.61232E+12,6,,,,No,No,boof,,3,4,2,6.51072E+17,6.51072E+17,7.30538E+17,5,F,S,F,F,S,A,A,,
qwmmlw,5694,1,Boof,Suzy's Zoo Daisuki! Witzy,2,"Wed, 03 Feb 2021 00:45:08 GMT",1.61231E+12,6,,,,No,No,boof,,3,0,2,7.95663E+17,9.49621E+16,6.32549E+17,5,F,S,F,F,A,F,A,,
q2v02s,5626,1,Boof,Suzy's Zoo Daisuki! Witzy,1,"Mon, 01 Feb 2021 22:18:40 GMT",1.61222E+12,3,,,,No,No,boof,,3,0,1,,9.49621E+16,6.92413E+17,1,F,S,F,F,A,F,A,,
0zdlmw,4338,1,Boof,Suzy's Zoo Daisuki! Witzy,0,"Mon, 01 Feb 2021 03:53:26 GMT",1.61215E+12,1,,,,No,No,boof,,3,0,0,4.19679E+17,4.19679E+17,7.51177E+17,0,F,S,F,F,A,F,A,,
qqs3df,16,1,Carlo,Attack on Titan: The Final Season,2,"Sun, 31 Jan 2021 02:10:53 GMT",1.61206E+12,14,,,,No,No,aot1,,3,0,2,7.68079E+17,7.68079E+17,5.88764E+17,9,F,S,F,F,B,F,A,,
qm4vwd,5341,1,Boof,Suzy's Zoo Daisuki! Witzy,2,"Tue, 26 Jan 2021 06:17:44 GMT",1.61164E+12,6,,,,No,No,boof,,3,0,2,4.94004E+17,4.94004E+17,7.21059E+17,5,F,S,F,F,S,F,A,,
06jj6p,5213,1,Boof,Suzy's Zoo Daisuki! Witzy,2,"Fri, 22 Jan 2021 22:59:03 GMT",1.61136E+12,6,,,,No,No,boof,,3,0,2,,2.47132E+17,6.83076E+17,5,F,S,S,F,B,F,A,,
0srm7x,5100,1,Boof,Suzy's Zoo Daisuki! Witzy,3,"Wed, 20 Jan 2021 05:27:25 GMT",1.61112E+12,12,,,,No,No,boof,,3,1,3,,1.48584E+17,4.24013E+17,8,F,S,F,F,A,D,A,,
0471hc,4397,1,Boof,Suzy's Zoo Daisuki! Witzy,3,"Fri, 15 Jan 2021 06:51:53 GMT",1.61069E+12,12,,,,No,No,boof,,3,1,3,3.94438E+17,3.94438E+17,7.30538E+17,6,F,S,F,F,B,D,A,,
09m5j6,4670,1,Boof,Suzy's Zoo Daisuki! Witzy,2,"Fri, 15 Jan 2021 06:51:48 GMT",1.61069E+12,6,,,,No,No,boof,,3,1,2,3.54125E+17,3.54125E+17,7.30538E+17,5,F,S,F,F,A,D,A,,
0twk3p,4927,1,Boof,Suzy's Zoo Daisuki! Witzy,2,"Thu, 14 Jan 2021 22:22:44 GMT",1.61066E+12,6,,,,No,No,boof,,3,1,2,6.2184E+17,6.2184E+17,7.30538E+17,5,F,S,F,F,A,D,A,,
08t0k5,4900,1,Boof,Suzy's Zoo Daisuki! Witzy,2,"Thu, 14 Jan 2021 05:24:19 GMT",1.6106E+12,6,,,,No,No,boof,,3,0,2,6.54188E+17,2.47132E+17,4.24013E+17,5,F,S,S,F,C,F,A,,
0lc6vw,4849,1,Boof,Suzy's Zoo Daisuki! Witzy,2,"Wed, 13 Jan 2021 00:13:03 GMT",1.6105E+12,6,,,,No,No,boof,,3,0,2,,7.31763E+17,4.24013E+17,5,F,S,F,F,A,F,A,,
0l6mwz,4846,1,Boof,Suzy's Zoo Daisuki! Witzy,2,"Tue, 12 Jan 2021 22:14:55 GMT",1.61049E+12,6,,,,No,No,boof,,3,0,2,,3.65214E+17,6.90113E+17,5,F,S,F,F,B,F,A,,
0r28dz,4502,1,Boof,Suzy's Zoo Daisuki! Witzy,1,"Tue, 05 Jan 2021 18:11:17 GMT",1.60987E+12,3,,,,No,No,boof,,3,0,1,3.40216E+17,7.84239E+17,6.48032E+17,1,F,S,F,F,A,F,A,,
0phv27,4418,1,Boof,Suzy's Zoo Daisuki! Witzy,1,"Fri, 01 Jan 2021 05:31:23 GMT",1.60948E+12,3,,,,No,No,boof,,3,1,1,2.47132E+17,2.47132E+17,7.30538E+17,1,F,S,S,S,S,D,A,,
01s4ml,4271,1,Boof,Suzy's Zoo Daisuki! Witzy,2,"Mon, 28 Dec 2020 03:06:18 GMT",1.60912E+12,6,,,,No,No,boof,,3,0,2,7.49169E+17,6.48326E+17,7.30538E+17,5,F,S,F,F,A,F,A,,
01159n,4238,1,Boof,Suzy's Zoo Daisuki! Witzy,2,"Sun, 27 Dec 2020 04:49:56 GMT",1.60904E+12,6,,,,No,No,boof,,3,6,2,,1.90147E+17,7.30538E+17,6,F,S,F,F,A,S,A,,
0jvxf1,4101,1,Boof,Suzy's Zoo Daisuki! Witzy,1,"Tue, 22 Dec 2020 19:29:26 GMT",1.60867E+12,3,,,,No,No,boof,,3,0,1,4.5768E+17,3.65214E+17,7.30538E+17,1,F,S,F,F,A,F,A,,
0wbxkm,3892,1,Boof,Suzy's Zoo Daisuki! Witzy,3,"Tue, 22 Dec 2020 02:58:18 GMT",1.60861E+12,12,,,,No,No,boof,,3,0,3,,3.54125E+17,7.12068E+17,6,F,S,F,F,B,F,A,,
0hvmq2,3753,1,Boof,Suzy's Zoo Daisuki! Witzy,2,"Sat, 12 Dec 2020 01:41:38 GMT",1.60774E+12,6,,,,No,No,boof,,3,0,2,,7.03593E+17,7.30538E+17,5,F,S,F,F,B,F,A,,
0v4l47,3636,1,Chihiro Fujisaki,Danganronpa: The Animation,4,"Wed, 09 Dec 2020 22:14:09 GMT",1.60755E+12,259,$tdm1,Demeter Green,rozen,Yes,No,workers,,105,6,2,,2.84504E+17,6.48032E+17,240,B,B,F,F,S,S,A,,
00pqk9,3657,1,Boof,Suzy's Zoo Daisuki! Witzy,2,"Wed, 09 Dec 2020 19:01:53 GMT",1.60754E+12,6,,,,No,No,boof,,3,0,2,7.3625E+17,5.9397E+17,6.93111E+17,5,F,S,F,F,B,F,A,,
vctgnh,76,1,Boss,Akudama Drive,3,"Fri, 04 Dec 2020 03:04:45 GMT",1.60705E+12,5,,,,No,No,akudama1,,1,0,3,5.2629E+17,5.2629E+17,7.21059E+17,1,F,S,F,F,B,F,A,,
v68n9m,20,1,Execution Division Master,Akudama Drive,2,"Thu, 03 Dec 2020 04:39:46 GMT",1.60697E+12,7,,,,No,No,akudama1,,1,1,2,4.04128E+17,4.04128E+17,7.30538E+17,5,F,S,F,F,A,D,A,,
vnbtpb,2532,1,Monokuma,Danganronpa: The Animation,4,"Tue, 27 Oct 2020 00:13:19 GMT",1.60376E+12,291,,,,Yes,No,workers,,122,6,3,2.47132E+17,2.47132E+17,7.30538E+17,213,F,A,S,S,S,S,A,,
